apid,indiv,dbid,pid,sour,image,extension
"1,1266::493517",1,1266,493517,@S445246761@,,
"1,61172::1856563",1,61172,1856563,@S445246775@,,
"1,60864::306586",1,60864,306586,@S445277596@,8073590_0001,jpg
"1,1778::3824733",1,1778,3824733,@S445255328@,,
"1,1780::3864635",1,1780,3864635,@S445246689@,,
"1,1207::175868097",1,1207,175868097,@S445225117@,31242_100436__0002-00068,jpg
"1,1266::493518",1,1266,493518,@S445246761@,,
"1,1780::5112850",1,1780,5112850,@S445246689@,,
"1,1207::167465654",1,1207,167465654,@S445225117@,40822_2022410001-00081,jpg
"1,4779::8040949",1,4779,8040949,@S445247785@,40761_312031-00682,jpg
"1,6598::12404761",1,6598,12404761,@S445248134@,SSXRG12_781_784-0658,jpg
"1,7572::21858673",1,7572,21858673,@S445248254@,SSXRG11_1050_1054-0588,jpg
"1,9852::37948966",1,9852,37948966,@S445248318@,,
"1,7579::34870385",1,7579,34870385,@S445249441@,ons_d19611az-0613,jpg
"1,7814::4756476",1,7814,4756476,@S445246943@,SRYRG13_630_631-0254,jpg
"1,61596::4299890",1,61596,4299890,@S445250099@,tna_r39_2625_2625a_018,jpg
"1,8913::13408005",1,8913,13408005,@S445247895@,ONS_M19044AZ-0116,jpg
"1,2352::51544370",1,2352,51544370,@S445225173@,rg14_05239_0133_03,jpg
"1,9852::37948964",1,9852,37948964,@S445248318@,,
"1,4779::88040949",1,4779,88040949,@S445247785@,40761_312031-00682,jpg
"1,2352::51544371",1,2352,51544371,@S445225173@,rg14_05239_0133_03,jpg
"1,61596::4299891",1,61596,4299891,@S445250099@,tna_r39_2625_2625a_018,jpg
"1,7814::6306714",1,7814,6306714,@S445246943@,SSXRG13_907_909-0644,jpg
"1,8913::7536767",1,8913,7536767,@S445247895@,ONS_M19044AZ-0064,jpg
"1,61579::71452693",1,61579,71452693,@S445252566@,,
"1,2352::51544374",1,2352,51544374,@S445225173@,rg14_05239_0133_03,jpg
"1,61596::4059122",1,61596,4059122,@S445250099@,tna_r39_2585_2585d_002,jpg
"1,7579::1021475489",1,7579,1021475489,@S445249441@,,
"1,8753::55848779",1,8753,55848779,@S445250172@,ons_m19384az-0592,jpg
"1,8912::10326748",1,8912,10326748,@S445247099@,ONS_B19093AZ-0270,jpg
"1,2352::51544373",1,2352,51544373,@S445225173@,rg14_05239_0133_03,jpg
"1,2352::51544372",1,2352,51544372,@S445225173@,rg14_05239_0133_03,jpg
"1,4779::1058040949",1,4779,1058040949,@S445247785@,40761_312031-00682,jpg
"1,8912::10325893",1,8912,10325893,@S445247099@,ONS_B18483AH-1523,jpg
"1,8913::13408170",1,8913,13408170,@S445247895@,ONS_M18674AZ-0852,jpg
"1,6598::12404756",1,6598,12404756,@S445248134@,SSXRG12_781_784-0658,jpg
"1,7572::21858695",1,7572,21858695,@S445248254@,SSXRG11_1050_1054-0588,jpg
"1,9852::37948967",1,9852,37948967,@S445248318@,,
"1,6598::12404757",1,6598,12404757,@S445248134@,SSXRG12_781_784-0658,jpg
"1,7572::21858619",1,7572,21858619,@S445248254@,SSXRG11_1050_1054-0588,jpg
"1,6598::12404763",1,6598,12404763,@S445248134@,SSXRG12_781_784-0658,jpg
"1,7572::21858732",1,7572,21858732,@S445248254@,SSXRG11_1050_1054-0588,jpg
"1,6598::12404762",1,6598,12404762,@S445248134@,SSXRG12_781_784-0658,jpg
"1,7572::21858708",1,7572,21858708,@S445248254@,SSXRG11_1050_1054-0588,jpg
"1,6598::12404760",1,6598,12404760,@S445248134@,SSXRG12_781_784-0658,jpg
"1,7572::21858771",1,7572,21858771,@S445248254@,SSXRG11_1050_1054-0588,jpg
"1,7572::21858620",1,7572,21858620,@S445248254@,SSXRG11_1050_1054-0588,jpg
"1,6598::12404759",1,6598,12404759,@S445248134@,SSXRG12_781_784-0658,jpg
"1,7572::21858585",1,7572,21858585,@S445248254@,SSXRG11_1050_1054-0588,jpg
"1,6598::12404758",1,6598,12404758,@S445248134@,SSXRG12_781_784-0658,jpg
"1,7572::21858770",1,7572,21858770,@S445248254@,SSXRG11_1050_1054-0588,jpg
"1,6598::12404766",1,6598,12404766,@S445248134@,SSXRG12_781_784-0658,jpg
"1,6598::12404765",1,6598,12404765,@S445248134@,SSXRG12_781_784-0658,jpg
"1,6598::12404764",1,6598,12404764,@S445248134@,SSXRG12_781_784-0658,jpg
"1,2352::22848874",1,2352,22848874,@S445225173@,rg14_18386_0021_03,jpg
"1,7814::35085320",1,7814,35085320,@S445246943@,STSRG13_2709_2710-0544,jpg
"1,4994::53928071",1,4994,53928071,@S445586964@,40458_316699-00029,jpg
"1,4981::303801140",1,4981,303801140,@S445225182@,40458_316697-00559,jpg
"1,61596::4059123",1,61596,4059123,@S445250099@,tna_r39_2585_2585d_002,jpg
"1,7579::1021475491",1,7579,1021475491,@S445249441@,,
"1,61579::49026282",1,61579,49026282,@S445252566@,,
"1,8753::55932032",1,8753,55932032,@S445250172@,ons_m19384az-1319,jpg
"1,5119::3320629",1,5119,3320629,@S445309713@,41629_636897_11354-00089,jpg
"1,6598::24936003",1,6598,24936003,@S445248134@,HAMRG12_901_902-0242,jpg
"1,7814::11125305",1,7814,11125305,@S445246943@,DORRG13_1978_1979-0211,jpg
"1,61779::776280",1,61779,776280,@S445309280@,,
"1,2352::44968995",1,2352,44968995,@S445225173@,rg14_12273_0259_03,jpg
"1,2162::154765870",1,2162,154765870,@S445308994@,32435_240321-00117,jpg
"1,9849::729466",1,9849,729466,@S445309006@,,
"1,7572::3636410",1,7572,3636410,@S445248254@,DORRG11_2084_2088-0352,jpg
"1,1219::1978513",1,1219,1978513,@S445309465@,31239_204790-00979,jpg
"1,1904::2313610",1,1904,2313610,@S445309188@,31874_222591-00113,jpg
"1,7579::30422883",1,7579,30422883,@S445249441@,ons_d19381az-1051,jpg
"1,2167::3196984",1,2167,3196984,@S445309697@,32450_262148-00276,jpg
"1,2352::44968996",1,2352,44968996,@S445225173@,rg14_12273_0259_03,jpg
"1,7579::24810016",1,7579,24810016,@S445249441@,ons_d19511az-1459,jpg
"1,2162::304765870",1,2162,304765870,@S445308994@,32435_240321-00117,jpg
"1,9849::729467",1,9849,729467,@S445309006@,,
"1,1558::18829136",1,1558,18829136,@S445225094@,32184_219037-00181,jpg
"1,61596::45590427",1,61596,45590427,@S445250099@,TNA_R39_6381_6381B_012,jpg
"1,1623::921844656",1,1623,921844656,@S445304483@,47188_263021009500_2680-00167,jpg
"1,8753::52611633",1,8753,52611633,@S445250172@,ons_m19343az-1474,jpg
"1,1635::3644765",1,1635,3644765,@S445225134@,30796_125507__957-00335,jpg
"1,2352::22848877",1,2352,22848877,@S445225173@,rg14_18386_0021_03,jpg
"1,2997::43232235",1,2997,43232235,@S445225178@,40610_B000982-00448,jpg
"1,8912::42841768",1,8912,42841768,@S445247099@,ONS_B19034AZ-0006,jpg
"1,1207::33067468",1,1207,33067468,@S445225117@,31242_202040__0113-00332,jpg
"1,4981::3799143",1,4981,3799143,@S445225182@,40458_316697-00537,jpg
"1,2352::22520475",1,2352,22520475,@S445225173@,rg14_22433_0593_03,jpg
"1,7814::20697754",1,7814,20697754,@S445246943@,LANRG13_3461_3463-0753,jpg
"1,2196::1621882",1,2196,1621882,@S445247007@,englb5617_283-leo-2-2_m_00043,jpg
"1,8912::35519744",1,8912,35519744,@S445247099@,ONS_B18972AZ-0722,jpg
"1,61650::1026608",1,61650,1026608,@S445247029@,,
"1,2352::22848873",1,2352,22848873,@S445225173@,rg14_18386_0021_03,jpg
"1,8912::42811987",1,8912,42811987,@S445247099@,ONS_B18722AZ-0007,jpg
"1,7814::35085319",1,7814,35085319,@S445246943@,STSRG13_2709_2710-0543,jpg
"1,1635::3644764",1,1635,3644764,@S445225134@,30796_125507__957-00335,jpg
"1,2997::43232234",1,2997,43232234,@S445225178@,40610_B000982-00448,jpg
"1,4994::3928071",1,4994,3928071,@S445586964@,40458_316699-00029,jpg
"1,7572::22473071",1,7572,22473071,@S445248254@,WARRG11_3004_3007-0971,jpg
"1,9841::58732280",1,9841,58732280,@S445310018@,,
"1,1207::169707859",1,1207,169707859,@S445225117@,31242_101220__082-00184,jpg
"1,4981::153801140",1,4981,153801140,@S445225182@,40458_316697-00559,jpg
"1,1780::3512289",1,1780,3512289,@S445246689@,,
"1,60864::60306586",1,60864,60306586,@S445277596@,8073590_0001,jpg
"1,1778::153824733",1,1778,153824733,@S445255328@,,
"1,1164::26380218",1,1164,26380218,@S445277691@,RDAUS1863_078606__0022_05_F-1386,jpg
"1,2706::15273904",1,2706,15273904,@S445277771@,40465_291475-00043,jpg
"1,1778::153823480",1,1778,153823480,@S445255328@,,
"1,1780::3488444",1,1780,3488444,@S445246689@,,
"1,1778::303824733",1,1778,303824733,@S445255328@,,
"1,2706::30273904",1,2706,30273904,@S445277771@,40465_291475-00043,jpg
"1,1778::303823480",1,1778,303823480,@S445255328@,,
"1,2706::273904",1,2706,273904,@S445277771@,40465_291475-00043,jpg
"1,60541::1667110",1,60541,1667110,@S445277826@,,
"1,61172::2273141",1,61172,2273141,@S445246775@,,
"1,1778::3823480",1,1778,3823480,@S445255328@,,
"1,4882::77781",1,4882,77781,@S445277843@,41529_308828-01266,jpg
"1,4779::1358040949",1,4779,1358040949,@S445247785@,40761_312031-00682,jpg
"1,9852::37948965",1,9852,37948965,@S445248318@,,
"1,61760::1104393",1,61760,1104393,@S445586369@,,
"1,2352::22520473",1,2352,22520473,@S445225173@,rg14_22433_0593_03,jpg
"1,7814::20697752",1,7814,20697752,@S445246943@,LANRG13_3461_3463-0753,jpg
"1,61650::61026608",1,61650,61026608,@S445247029@,,
"1,2197::1625908",1,2197,1625908,@S445586204@,englb5617_283-leo-3-1_m_00093,jpg
"1,7572::9178310",1,7572,9178310,@S445248254@,LANRG11_3690_3694-0498,jpg
"1,7619::15819342",1,7619,15819342,@S445308938@,CHSRG10_3747_3748-0427,jpg
"1,2352::22520474",1,2352,22520474,@S445225173@,rg14_22433_0593_03,jpg
"1,7814::20697753",1,7814,20697753,@S445246943@,LANRG13_3461_3463-0753,jpg
"1,2197::4672166",1,2197,4672166,@S445586204@,englb5617_283-leo-3-1_m_00093,jpg
"1,7572::9178385",1,7572,9178385,@S445248254@,LANRG11_3690_3694-0498,jpg
"1,7619::15819340",1,7619,15819340,@S445308938@,CHSRG10_3747_3748-0427,jpg
"1,61760::121104393",1,61760,121104393,@S445586369@,,
"1,2197::1051625908",1,2197,1051625908,@S445586204@,englb5617_283-leo-3-1_m_00093,jpg
"1,7572::9178397",1,7572,9178397,@S445248254@,LANRG11_3690_3694-0498,jpg
"1,7619::15819339",1,7619,15819339,@S445308938@,CHSRG10_3747_3748-0427,jpg
"1,61760::106104393",1,61760,106104393,@S445586369@,,
"1,2352::22520478",1,2352,22520478,@S445225173@,rg14_22433_0593_03,jpg
"1,2352::22520477",1,2352,22520477,@S445225173@,rg14_22433_0593_03,jpg
"1,2352::22520476",1,2352,22520476,@S445225173@,rg14_22433_0593_03,jpg
"1,2162::4765870",1,2162,4765870,@S445308994@,32435_240321-00117,jpg
"1,9849::729465",1,9849,729465,@S445309006@,,
"1,2352::44968997",1,2352,44968997,@S445225173@,rg14_12273_0259_03,jpg
"1,2352::44968998",1,2352,44968998,@S445225173@,rg14_12273_0259_03,jpg
"1,6598::24936002",1,6598,24936002,@S445248134@,HAMRG12_901_902-0242,jpg
"1,8767::17589226",1,8767,17589226,@S445308664@,DORRG9_1327_1332-0609,jpg
"1,7814::11125303",1,7814,11125303,@S445246943@,DORRG13_1978_1979-0211,jpg
"1,7572::3633547",1,7572,3633547,@S445248254@,DORRG11_2084_2088-0186,jpg
"1,7619::4350101",1,7619,4350101,@S445308938@,DORRG10_1970_1974-0621,jpg
"1,2352::44968354",1,2352,44968354,@S445225173@,rg14_12272_0779_03,jpg
"1,2162::152950055",1,2162,152950055,@S445308994@,32435_240337-00075,jpg
"1,9849::661389",1,9849,661389,@S445309006@,,
"1,2241::1054603258",1,2241,1054603258,@S445309028@,32435_240422-00510,jpg
"1,1623::1071756139",1,1623,1071756139,@S445304483@,47188_83024005549_1375-00190,jpg
"1,1904::2782435",1,1904,2782435,@S445309188@,31874_222713-00077,jpg
"1,61779::15776280",1,61779,15776280,@S445309280@,,
"1,7579::19443870",1,7579,19443870,@S445249441@,ons_d19183az-0910,jpg
"1,8912::55234211",1,8912,55234211,@S445247099@,ONS_B18552MZ-1170,jpg
"1,8913::28757747",1,8913,28757747,@S445247895@,ONS_M18774AZ-0739,jpg
"1,6598::24935378",1,6598,24935378,@S445248134@,HAMRG12_901_902-0242,jpg
"1,7814::11125304",1,7814,11125304,@S445246943@,DORRG13_1978_1979-0211,jpg
"1,7572::3633521",1,7572,3633521,@S445248254@,DORRG11_2084_2088-0186,jpg
"1,2352::44968355",1,2352,44968355,@S445225173@,rg14_12272_0779_03,jpg
"1,61779::30776280",1,61779,30776280,@S445309280@,,
"1,8767::17585426",1,8767,17585426,@S445308664@,DORRG9_1327_1332-0408,jpg
"1,2162::302950055",1,2162,302950055,@S445308994@,32435_240337-00075,jpg
"1,9849::661388",1,9849,661388,@S445309006@,,
"1,2162::2950055",1,2162,2950055,@S445308994@,32435_240337-00075,jpg
"1,9849::661198",1,9849,661198,@S445309006@,,
"1,6598::24935872",1,6598,24935872,@S445248134@,HAMRG12_901_902-0242,jpg
"1,7814::11125306",1,7814,11125306,@S445246943@,DORRG13_1978_1979-0211,jpg
"1,7572::3633617",1,7572,3633617,@S445248254@,DORRG11_2084_2088-0186,jpg
"1,2241::4603258",1,2241,4603258,@S445309028@,32435_240422-00510,jpg
"1,1623::21756139",1,1623,21756139,@S445304483@,47188_83024005549_1375-00190,jpg
"1,8767::17589224",1,8767,17589224,@S445308664@,DORRG9_1327_1332-0609,jpg
"1,7619::4350100",1,7619,4350100,@S445308938@,DORRG10_1970_1974-0621,jpg
"1,7572::3636409",1,7572,3636409,@S445248254@,DORRG11_2084_2088-0352,jpg
"1,2241::9793041",1,2241,9793041,@S445309028@,32435_239695-00741,jpg
"1,9849::2538582",1,9849,2538582,@S445309006@,,
"1,1351::370897",1,1351,370897,@S445315960@,,
"1,9841::105526608",1,9841,105526608,@S445310018@,,
"1,2162::4657373",1,2162,4657373,@S445308994@,32435_239695-00196,jpg
"1,9849::2504235",1,9849,2504235,@S445309006@,,
"1,8767::17589223",1,8767,17589223,@S445308664@,DORRG9_1327_1332-0608,jpg
"1,7619::4350099",1,7619,4350099,@S445308938@,DORRG10_1970_1974-0621,jpg
"1,7572::3636484",1,7572,3636484,@S445248254@,DORRG11_2084_2088-0352,jpg
"1,2241::4668011",1,2241,4668011,@S445309028@,32435_239695-00741,jpg
"1,9849::2538588",1,9849,2538588,@S445309006@,,
"1,6598::15745161",1,6598,15745161,@S445248134@,DORRG12_1630_1632-0420,jpg
"1,8767::17585423",1,8767,17585423,@S445308664@,DORRG9_1327_1332-0408,jpg
"1,6598::24934452",1,6598,24934452,@S445248134@,HAMRG12_901_902-0096,jpg
"1,2241::3431945",1,2241,3431945,@S445309028@,32435_239583-00159,jpg
"1,9849::947670",1,9849,947670,@S445309006@,,
"1,7572::3633643",1,7572,3633643,@S445248254@,DORRG11_2084_2088-0186,jpg
"1,8860::11005954",1,8860,11005954,@S445313032@,YRKHO107_2361_2362-0022,jpg
"1,8914::32894862",1,8914,32894862,@S445313055@,ONS_D19034AZ-0276,jpg
"1,7619::4346821",1,7619,4346821,@S445308938@,DORRG10_1970_1974-0435,jpg
"1,1623::1052557009",1,1623,1052557009,@S445304483@,31280_195209-00381,jpg
"1,7814::11125820",1,7814,11125820,@S445246943@,DORRG13_1978_1979-0228,jpg
"1,8913::28065044",1,8913,28065044,@S445247895@,ONS_M18504LZ-0787,jpg
"1,7579::18577882",1,7579,18577882,@S445249441@,ons_d19171az-1177,jpg
"1,1904::3785203",1,1904,3785203,@S445309188@,31874_222366-00010,jpg
"1,9841::118282236",1,9841,118282236,@S445310018@,,
"1,8767::17585424",1,8767,17585424,@S445308664@,DORRG9_1327_1332-0408,jpg
"1,6598::12250144",1,6598,12250144,@S445248134@,HAMRG12_901_902-0096,jpg
"1,7619::4346822",1,7619,4346822,@S445308938@,DORRG10_1970_1974-0435,jpg
"1,7814::11125821",1,7814,11125821,@S445246943@,DORRG13_1978_1979-0228,jpg
"1,2241::8556975",1,2241,8556975,@S445309028@,32435_239583-00159,jpg
"1,9849::947668",1,9849,947668,@S445309006@,,
"1,2972::148985",1,2972,148985,@S445316821@,40612_B0147412-00069,jpg
"1,8913::26921876",1,8913,26921876,@S445247895@,ONS_M18504LZ-0696,jpg
"1,2352::42957631",1,2352,42957631,@S445225173@,rg14_06056_0177_03,jpg
"1,8978::4801843",1,8978,4801843,@S445316369@,DORHO107_286_288-0247,jpg
"1,2241::1053431945",1,2241,1053431945,@S445309028@,32435_239583-00159,jpg
"1,9849::947671",1,9849,947671,@S445309006@,,
"1,8767::17585427",1,8767,17585427,@S445308664@,DORRG9_1327_1332-0408,jpg
"1,6598::12250354",1,6598,12250354,@S445248134@,HAMRG12_901_902-0096,jpg
"1,7619::4346824",1,7619,4346824,@S445308938@,DORRG10_1970_1974-0435,jpg
"1,7814::11125822",1,7814,11125822,@S445246943@,DORRG13_1978_1979-0228,jpg
"1,2352::42957630",1,2352,42957630,@S445225173@,rg14_06056_0177_03,jpg
"1,7619::4346825",1,7619,4346825,@S445308938@,DORRG10_1970_1974-0435,jpg
"1,1623::2557009",1,1623,2557009,@S445304483@,31280_195209-00381,jpg
"1,8767::17585425",1,8767,17585425,@S445308664@,DORRG9_1327_1332-0408,jpg
"1,7619::4346823",1,7619,4346823,@S445308938@,DORRG10_1970_1974-0435,jpg
"1,8860::5558244",1,8860,5558244,@S445313032@,DORHO107_1855_1855-0427,jpg
"1,2972::37594",1,2972,37594,@S445316821@,40612_B0147761-00005,jpg
"1,8914::31575196",1,8914,31575196,@S445313055@,ONS_D18684AZ-1275,jpg
"1,9841::118282082",1,9841,118282082,@S445310018@,,
"1,1352::1866090",1,1352,1866090,@S445316003@,,
"1,9852::25787836",1,9852,25787836,@S445248318@,,
"1,2241::7740566",1,2241,7740566,@S445309028@,32435_239555-00669,jpg
"1,9841::118282081",1,9841,118282081,@S445310018@,,
"1,8860::5558243",1,8860,5558243,@S445313032@,DORHO107_1855_1855-0427,jpg
"1,7572::3777777",1,7572,3777777,@S445248254@,DORRG11_2117_2122-0069,jpg
"1,2242::4420027",1,2242,4420027,@S445422893@,32435_239761-00280,jpg
"1,8978::4834486",1,8978,4834486,@S445316369@,DORHO107_290_291-0461,jpg
"1,1352::541188",1,1352,541188,@S445316003@,,
"1,9852::25787837",1,9852,25787837,@S445248318@,,
"1,2241::2615536",1,2241,2615536,@S445309028@,32435_239555-00669,jpg
"1,8782::44233213",1,8782,44233213,@S445276512@,ons_b19202az-0007,jpg
"1,1207::32730965",1,1207,32730965,@S445225117@,31242_200668__19492-01096,jpg
"1,9841::58732278",1,9841,58732278,@S445310018@,,
"1,7572::22473089",1,7572,22473089,@S445248254@,WARRG11_3004_3007-0971,jpg
"1,9841::61079270",1,9841,61079270,@S445310018@,,
"1,7572::22473103",1,7572,22473103,@S445248254@,WARRG11_3004_3007-0971,jpg
"1,4981::3801140",1,4981,3801140,@S445225182@,40458_316697-00559,jpg
"1,2352::22848879",1,2352,22848879,@S445225173@,rg14_18386_0021_03,jpg
"1,2352::22848876",1,2352,22848876,@S445225173@,rg14_18386_0021_03,jpg
"1,1779::2249826",1,1779,2249826,@S445276989@,,
"1,7814::35085321",1,7814,35085321,@S445246943@,STSRG13_2709_2710-0544,jpg
"1,2352::22848881",1,2352,22848881,@S445225173@,rg14_18386_0021_03,jpg
"1,1623::21844656",1,1623,21844656,@S445304483@,47188_263021009500_2680-00167,jpg
"1,8753::52478505",1,8753,52478505,@S445250172@,ons_m19343az-0389,jpg
"1,61596::45590426",1,61596,45590426,@S445250099@,TNA_R39_6381_6381B_012,jpg
"1,61596::45590429",1,61596,45590429,@S445250099@,TNA_R39_6381_6381B_012,jpg
"1,8860::5558245",1,8860,5558245,@S445313032@,DORHO107_1855_1855-0427,jpg
"1,1207::83826044",1,1207,83826044,@S445225117@,33112_200376__0014-00859,jpg
"1,1207::75116504",1,1207,75116504,@S445225117@,33112_202144__0006-00343,jpg
"1,1778::5884723",1,1778,5884723,@S445255328@,,
"1,1266::514146",1,1266,514146,@S445246761@,,
"1,1780::5349407",1,1780,5349407,@S445246689@,,
"1,1778::5660322",1,1778,5660322,@S445255328@,,
"1,1780::5471681",1,1780,5471681,@S445246689@,,
"1,1207::35232290",1,1207,35232290,@S445225117@,31242_202603__0006-00341,jpg
"1,1778::305884723",1,1778,305884723,@S445255328@,,
"1,1778::155884723",1,1778,155884723,@S445255328@,,
"1,1778::305660322",1,1778,305660322,@S445255328@,,
"1,1779::502227",1,1779,502227,@S445276989@,,
"1,1778::305660305",1,1778,305660305,@S445255328@,,
"1,1778::155660322",1,1778,155660322,@S445255328@,,
"1,1778::155660305",1,1778,155660305,@S445255328@,,
"1,1778::5660305",1,1778,5660305,@S445255328@,,
"1,60528::3240395",1,60528,3240395,@S445277139@,,
"1,60528::3240396",1,60528,3240396,@S445277139@,,
"1,1779::5788812",1,1779,5788812,@S445276989@,,
"1,60528::142671617",1,60528,142671617,@S445277139@,,
"1,2382::116418",1,2382,116418,@S445316165@,32439_b086814-00084,jpg
"1,8914::33705543",1,8914,33705543,@S445313055@,ONS_D18834AZ-0720,jpg
"1,8978::4850681",1,8978,4850681,@S445316369@,DORHO107_293_294-0079,jpg
"1,7619::4350031",1,7619,4350031,@S445308938@,DORRG10_1970_1974-0618,jpg
"1,7572::3636906",1,7572,3636906,@S445248254@,DORRG11_2084_2088-0364,jpg
"1,1351::300370897",1,1351,300370897,@S445315960@,,
"1,9841::105526607",1,9841,105526607,@S445310018@,,
"1,2162::304657373",1,2162,304657373,@S445308994@,32435_239695-00196,jpg
"1,1352::2443047",1,1352,2443047,@S445316003@,,
"1,9852::34188994",1,9852,34188994,@S445248318@,,
"1,2241::9792660",1,2241,9792660,@S445309028@,32435_239695-00617,jpg
"1,2243::1384034",1,2243,1384034,@S445316171@,32435_239695-00120,jpg
"1,8767::17588293",1,8767,17588293,@S445308664@,DORRG9_1327_1332-0564,jpg
"1,9849::2504225",1,9849,2504225,@S445309006@,,
"1,2241::1054668011",1,2241,1054668011,@S445309028@,32435_239695-00741,jpg
"1,9849::2538579",1,9849,2538579,@S445309006@,,
"1,1351::150370897",1,1351,150370897,@S445315960@,,
"1,9841::105526609",1,9841,105526609,@S445310018@,,
"1,2162::154657373",1,2162,154657373,@S445308994@,32435_239695-00196,jpg
"1,1352::1118145",1,1352,1118145,@S445316003@,,
"1,9852::34188992",1,9852,34188992,@S445248318@,,
"1,8914::33705750",1,8914,33705750,@S445313055@,ONS_D18381PZ-0487,jpg
"1,2241::4667630",1,2241,4667630,@S445309028@,32435_239695-00617,jpg
"1,8767::17588292",1,8767,17588292,@S445308664@,DORRG9_1327_1332-0564,jpg
"1,9849::2504231",1,9849,2504231,@S445309006@,,
"1,8767::17589229",1,8767,17589229,@S445308664@,DORRG9_1327_1332-0609,jpg
"1,7619::4350105",1,7619,4350105,@S445308938@,DORRG10_1970_1974-0621,jpg
"1,7572::3636510",1,7572,3636510,@S445248254@,DORRG11_2084_2088-0352,jpg
"1,7619::4350106",1,7619,4350106,@S445308938@,DORRG10_1970_1974-0621,jpg
"1,7619::4350104",1,7619,4350104,@S445308938@,DORRG10_1970_1974-0621,jpg
"1,8767::17589228",1,8767,17589228,@S445308664@,DORRG9_1327_1332-0609,jpg
"1,7619::4350103",1,7619,4350103,@S445308938@,DORRG10_1970_1974-0621,jpg
"1,8767::17589227",1,8767,17589227,@S445308664@,DORRG9_1327_1332-0609,jpg
"1,7619::4350102",1,7619,4350102,@S445308938@,DORRG10_1970_1974-0621,jpg
"1,2530::47745",1,2530,47745,@S445309993@,31313_129867-00015,jpg
"1,8912::55220356",1,8912,55220356,@S445247099@,ONS_B18572PZ-0787,jpg
"1,8767::17589225",1,8767,17589225,@S445308664@,DORRG9_1327_1332-0609,jpg
"1,2530::900047745",1,2530,900047745,@S445309993@,31313_129867-00015,jpg
"1,2243::301384034",1,2243,301384034,@S445316171@,32435_239695-00120,jpg
"1,2243::151384034",1,2243,151384034,@S445316171@,32435_239695-00120,jpg
"1,7572::9178413",1,7572,9178413,@S445248254@,LANRG11_3690_3694-0498,jpg
"1,7619::15819341",1,7619,15819341,@S445308938@,CHSRG10_3747_3748-0427,jpg
"1,7572::9178311",1,7572,9178311,@S445248254@,LANRG11_3690_3694-0498,jpg
"1,7572::9178386",1,7572,9178386,@S445248254@,LANRG11_3690_3694-0498,jpg
"1,7572::9178312",1,7572,9178312,@S445248254@,LANRG11_3690_3694-0498,jpg
"1,7572::9178488",1,7572,9178488,@S445248254@,LANRG11_3690_3694-0498,jpg
"1,7572::9178430",1,7572,9178430,@S445248254@,LANRG11_3690_3694-0498,jpg
"1,7572::9178429",1,7572,9178429,@S445248254@,LANRG11_3690_3694-0498,jpg
"1,9841::61079269",1,9841,61079269,@S445310018@,,
"1,7572::22473072",1,7572,22473072,@S445248254@,WARRG11_3004_3007-0971,jpg
"1,7572::22473222",1,7572,22473222,@S445248254@,WARRG11_3004_3007-0971,jpg
"1,7572::22473160",1,7572,22473160,@S445248254@,WARRG11_3004_3007-0971,jpg
